Likelihood over,S0,S1,S00,S01,S11,S_l0
T0,[0.93101996 0.93013555 0.94820046 0.9302488  0.93359858],[0. 0. 0. 0. 0.],[0.9338423  0.93079919 0.96387017 0.93063724 0.94439912],[0. 0. 0. 0. 0.],[0. 0. 0. 0. 0.],[6.45107627e-01 1.64838872e-04 9.31924403e-01]
T1,[0. 0. 0. 0. 0.],[0.03304698 0.14426057 0.16388713 0.12996787 0.10388491],[0. 0. 0. 0. 0.],[0.71400994 0.70607352 0.81730855 0.70856881 0.74388951],[0.19122131 0.16755505 0.23360252 0.15990461 0.18761775],[0. 0. 0.]
T2,[0. 0. 0. 0. 0.],[0. 0. 0. 0. 0.],[0. 0. 0. 0. 0.],[0. 0. 0. 0. 0.],[0. 0. 0. 0. 0.],[0. 0. 0.]
