	Likelihood over	T1 (Ground truth)	T2 (Perturbated)	S1	S2	S12	S22	True trained	S_l1	S0 (initial student)	S_l
0	T1	1.0	-20.46442	0.9389576	-20.617548	-20.666983	-20.58785	-20.21098	0.8186145		
1	T2	-2452.4016	1.0	-2568.1538	0.2961606	0.58831054	0.5580029	0.68042576	-2531.5022		
2	over train T1	1.0	-20.432703	0.9527857	-20.585775	-20.634424	-20.556067	-20.179333	0.8332786		
0	T1	166.12845	-41.091175	165.53914	-42.569492	-43.046745	-42.2828	-38.644444	164.37733	-222695.73	-518953.3
1	T2	-1862.0052	-135.1978	-1943.4766	-135.69319	-135.48756	-135.5089	-135.42273	-1917.6796	-194130.03	-868565.2
2	over train T1	166.05617	-41.106136	165.59981	-42.585686	-43.05591	-42.29853	-38.65714	164.44469	-222796.67	-519097.88
