T->S Decoding,S->T Decoding,S0,S1,S00,S01,S11,T0,T1,T2,T->S Decoding
T0,['T0'],[0.00187701 0.00173797],[0.00276091 0.00208437],[0.00279389 0.00267361],[0.00182715 0.00303854],[0.00235003 0.00135849],[0.00199359],[0.01073544],[0.0433789],['T0']
T1,['T1'],[0.00211295 0.00211537],[0.00208802 0.00340008],[0.00199235 0.00342807],[0.00165205 0.00323923],[0.00173604 0.00334338],[0.00862345],[0.00304386],[0.03555532],['T1']
T2,['T2'],[0.00649348 0.00669846],[0.00583987 0.00714739],[0.00592402 0.00638141],[0.00657201 0.00661144],[0.00657093 0.00830581],[0.01752846],[0.01621879],[0.00193758],['T2']
