	Likelihood over	T0	T1	T2	S0	S00	S01	S_l0	S	S1	S11	S_l
0	T0	1.0	-10.288077	-12.959778	0.9315188	0.9315188	-10.319897	0.92768735				
1	T1	-1525.1067	0.8137423	12.14913	-1525.0022	-1525.0022	0.6050132	-1531.3286				
2	T2	-1085.3759	-7.0975294	1.0	-1085.2474	-1085.2476	-7.3131695	-1089.8176				
0	T0	167.0768	46.91172	18.470636	166.3478	166.3478	46.573	166.307	-35445.168	45.202496	45.613316	-97039.555
1	T1	-830.3975	-76.59945	-70.99982	-830.3459	-830.34595	-76.70256	-833.4711	-61748.703	-77.16777	-77.12486	-145013.02
2	T2	-832.7003	-76.839294	-71.16302	-832.6103	-832.61035	-76.990456	-835.8139	-61503.258	-77.43728	-77.41435	-145938.56
