Likelihood over,S0,S1,S00,S01,S11,S_l0
T0,[0.93101996 0.93013555],[0. 0.],[0.9338423  0.93079919],[0. 0.],[0. 0.],[0.64510763]
T1,[0. 0.],[0.03304698 0.14426057],[0. 0.],[0.71400994 0.70607352],[0.19122131 0.16755505],[0.]
T2,[0. 0.],[0. 0.],[0. 0.],[0. 0.],[0. 0.],[0.]
