Likelihood over,S00_0,S00_1
T0,-0.06816158443689346,0.034802500158548355
T1,-505.60675048828125,-424.313720703125
T2,-1284.854736328125,-1063.4678955078125
