	Likelihood over	T1 (Ground truth)	T2 (Perturbated)	S1	S2	S12	S22	True trained	S_l1	S0 (initial student)	S_l
0	T1	1.0	-15.019747	0.9398273	-15.291925	-15.0759325	-15.057529	-15.01296	0.7533448		
1	T2	-509.7614	1.0	-533.5002	0.6115576	0.8630657	0.86283475	0.9497455	-523.16534		
2	over train T1	1.0	-15.00914	0.95246714	-15.278185	-15.063454	-15.044884	-15.002266	0.76730126		
0	T1	166.05006	11.957298	165.47127	9.339213	11.416833	11.593857	12.022563	163.6775	-221794.5	-519643.7
1	T2	-915.7994	-72.149864	-955.0099	-72.79147	-72.376045	-72.37643	-72.23287	-937.93933	-167457.48	-790063.25
2	over train T1	166.05075	11.967669	165.59326	9.378186	11.444908	11.623642	12.033831	163.8111	-221733.69	-519907.16
