	Likelihood over	T0 (Ground truth)	T1 (Perturbated)	S0 (initial student)	S0	S1	S01	True trained	S_l1	S_l
0	T0	1.0	-21.744944	0.956066	0.956066	-21.75905	-21.743223	-21.639587	0.13421084	
1	T1	-6897.4463	1.0	-7265.429	-7265.429	0.1340694	0.27390575	0.20731467	-6703.0933	
2	over train T0	1.0	-21.047932	0.9686074	0.9686074	-21.059856	-21.04451	-20.9456	0.14792928	
0	T0	163.95035	-7.0677867	163.62001	163.62001	-7.17385	-7.054844	-6.275599	157.44052	-519084.12
1	T1	-1166.9425	-99.16543	-1223.9008	-1223.9008	-99.29946	-99.27782	-99.288124	-1136.8595	-692564.7
2	over train T0	163.7904	-7.1086626	163.54707	163.54707	-7.2010784	-7.082127	-6.3154564	157.18579	-519601.47
