,Likelihood over,T0,T1,T2,S0,S1,S00,S01,S11,T01,S_l0
0,T0,1.0,-10.332609176635742,-12.95977783203125,0.9315187931060791,-10.448637962341309,0.9315187931060791,-10.319896697998047,-10.41004753112793,-10.288077354431152,0.9276873469352722
1,T1,-461.0234680175781,1.0,-3.3609893321990967,-459.56475830078125,0.07976819574832916,-459.5648193359375,0.7459021806716919,0.15851396322250366,0.8701000809669495,-461.2564392089844
2,T2,-1152.1287841796875,-7.363203525543213,1.0,-1152.0504150390625,-8.3659029006958,-1152.050537109375,-7.659491539001465,-8.300748825073242,-7.502919673919678,-1156.7960205078125
