	Likelihood over	T0	T1	T2	S0	S1	S00	S01	S11	T01	S_l0	S	S_l
0	T0	1.0	-10.332609	-12.959778	0.9315188	-10.448638	0.9315188	-10.319897	-10.410048	-10.288077	0.92768735		
1	T1	-461.02347	1.0	-3.3609893	-459.56476	0.079768196	-459.56482	0.7459022	0.15851396	0.8701001	-461.25644		
2	T2	-1152.1288	-7.3632035	1.0	-1152.0504	-8.365903	-1152.0505	-7.6594915	-8.300749	-7.5029197	-1156.796		
0	T0	167.0768	46.437668	18.470636	166.3478	45.202496	166.3478	46.573	45.613316	46.91172	166.307	-35445.168	-97039.555
1	T1	-532.4183	-39.412197	-44.065628	-530.86176	-40.39414	-530.8618	-39.683334	-40.310112	-39.550808	-532.6669	-54163.66	-126618.6
2	T2	-830.3975	-76.50744	-70.99982	-830.3459	-77.16777	-830.34595	-76.70256	-77.12486	-76.59945	-833.4711	-61748.703	-145013.02
