epoch,train_likelihoods,test_likelihoods,decodingST,decodingTS
0,"[[0.9999813437461853, 0, 0], [0, 0, 0], [0.9999750852584839, 0, 0], [0, 0, 0]]","[[0.999990701675415, 0, 0], [0, 0, 0], [0.9999814033508301, 0, 0], [0, 0, 0]]","[[0.002028226713033742, 0.013685526021559563, 0.01634616016298528], [0.09052998474439627, 0.0606613690696193, 0.05967661776339035], [0.0013159508689611257, 0.006991990376208766, 0.00984316463051601], [0.08957149116695484, 0.0604662633681865, 0.05990421180901876]]","[[0.0018968775736948652, 0.02763345867218243, 0.044668903839799816], [0.07335799868875151, 0.12349610099061335, 0.1320677620515342], [0.0019588577415471467, 0.03158045644727226, 0.04479022725502254], [0.07692097258869314, 0.12401007170122, 0.13077919872200272]]"
1,"[[1.1794606447219849, 0, 0], [1.0097763538360596, 0, 0], [1.495142936706543, 0, 0], [1.0097763538360596, 0, 0]]","[[0.8719692230224609, 0, 0], [0.9161503314971924, 0, 0], [0.6260221004486084, 0, 0], [0.9161503314971924, 0, 0]]","[[0.022080791836174632, 0.027664812388779447, 0.028921633602119527], [0.004060667633570405, 0.0037601927337522806, 0.0038032843023151257], [0.029026285242332996, 0.02680638219857421, 0.027790409928581568], [0.004210693942221628, 0.0038281397359176297, 0.003805420823904947]]","[[0.012293223235205389, 0.04321815615766284, 0.05713896792902051], [0.024194019571702047, 0.055161186158002064, 0.0668898356598071], [0.027443946917953318, 0.051634365574710316, 0.06120981014905951], [0.02579053049177566, 0.056969271626445626, 0.06852671830197427]]"
