epoch,train_likelihoods,test_likelihoods,decodingST,decodingTS
0,"[[0.9999813437461853, 0, 0], [0, 0, 0], [0.9999750852584839, 0, 0], [0, 0, 0]]","[[0.999990701675415, 0, 0], [0, 0, 0], [0.9999814033508301, 0, 0], [0, 0, 0]]","[[0.002028226713033742, 0.013685526021559563, 0.01634616016298528], [0.09052998474439627, 0.0606613690696193, 0.05967661776339035], [0.0013159508689611257, 0.006991990376208766, 0.00984316463051601], [0.08957149116695484, 0.0604662633681865, 0.05990421180901876]]","[[0.0018968775736948652, 0.02763345867218243, 0.044668903839799816], [0.07335799868875151, 0.12349610099061335, 0.1320677620515342], [0.0019588577415471467, 0.03158045644727226, 0.04479022725502254], [0.07692097258869314, 0.12401007170122, 0.13077919872200272]]"
